{"cameraMode":{"drawMode":0,"name":"Shaded","section":"Shading Mode"},"sceneLighting":false,"audioPlay":false,"sceneViewState":{"m_AlwaysRefresh":false,"showFog":true,"showSkybox":false,"showFlares":true,"showImageEffects":true,"showParticleSystems":true,"showVisualEffectGraphs":true,"m_FxEnabled":true},"in2DMode":false,"pivot":{"x":-0.5556027293205261,"y":-0.259501188993454,"z":-0.2656259536743164},"rotation":{"x":0.38849762082099917,"y":-0.0038738304283469917,"z":0.0016325266333296896,"w":0.9214499592781067},"size":0.624476969242096,"orthographic":false}